{"precision": 0.9923373380931896, "recall": 0.9923195084485407, "f1-score": 0.9923146895136657, "support": 1302.0}