{"0": {"precision": 0.9901800327332242, "recall": 0.9950657894736842, "f1-score": 0.992616899097621, "support": 608.0}, "1": {"precision": 0.9965635738831615, "recall": 0.9830508474576272, "f1-score": 0.9897610921501706, "support": 295.0}, "2": {"precision": 0.9925, "recall": 0.9949874686716792, "f1-score": 0.9937421777221527, "support": 399.0}, "accuracy": 0.9923195084485407, "macro avg": {"precision": 0.9930812022054619, "recall": 0.9910347018676635, "f1-score": 0.9920400563233147, "support": 1302.0}, "weighted avg": {"precision": 0.9923373380931896, "recall": 0.9923195084485407, "f1-score": 0.9923146895136657, "support": 1302.0}}